trial,prompt,perplexity,response,target_task,tokens_used
0,Ġcommenters Ġwith Ġì ĠPartial Ġtease,202.02638244628906,"Certainly! Here are some examples of **commenters with a ""partial tease"" style**—that is, people who leave comments that are playful, a bit flirty, or gently provocative, but not outright mean or fully teasing. These comments often hint at something more, or playfully challenge the original poster, but in a lighthearted way.

### Examples of ""Partial Tease"" Comments

1. **""Oh, showing off again, are we? 😏""**
2. **""Careful, you’re going to break the internet with that look!""**
3. **""Someone’s feeling themselves today, huh?""**
4. **""Not you trying to make us all jealous…""**
5. **""Guess you just woke up like this, right? 😉""**
6. **""Save some style for the rest of us!""**
7. **""Okay, but who gave you permission to look this good?""**
8. **""Trying to distract us from work, I see how it is.""**
9. **""You really said ‘main character energy’ today.""**
10. **""Don’t hurt ‘em with that smile!""**

---

**Partial tease** comments are often used among friends or in friendly online communities. They’re meant to be fun and engaging, not hurtful or overly sarcastic.

If you want more examples or a different style, let me know!",Write a poem with made-up words,306
1,gy itance beans PRO Ġpublicity Ġinvolves TE Ġpurified igger ĠPrimal ĠKell ãģı agements,1000.1416625976562,"It looks like your message contains a mix of words, some of which seem to be fragments, possibly from a technical document or a text that was corrupted or auto-corrected incorrectly. Here’s a breakdown and possible interpretations:

- **gy itance beans PRO**: This could be a corrupted phrase. Maybe you meant ""guidance beans PRO"" or ""gy distance beans PRO""? If you clarify, I can help more.
- **Ġpublicity Ġinvolves TE**: ""Publicity involves TE""—TE could stand for ""Technical Evaluation,"" ""Teaching,"" or something else.
- **Ġpurified igger**: Possibly ""purified trigger"" or ""purified bigger""?
- **ĠPrimal ĠKell ãģı agements**: ""Primal Kell"" could be a name (possibly from a game or story), and ""ãģı agements"" might be ""managements"" or ""engagements.""

**If you are asking about publicity and its involvement in technical or purified processes, or about a character named Primal Kell and their management, please clarify your question or provide more context.**

If you meant to ask about **publicity** in a professional or technical context, here’s a general answer:

---

### What is Publicity and What Does it Involve?

**Publicity** refers to the public visibility or awareness for any product, service, person, or organization. It involves:

- **Media",Write a poem with made-up words,337
2,Increased ĠIce arrell ĠButterfly 438 Ġ1905 uration Ġappra Ġfight,843.3302001953125,"It looks like your message contains some fragmented or possibly auto-corrected text, making it a bit unclear. Here’s my best attempt to interpret and respond to each part:

- **Increased Ice**: This could refer to an increase in ice, perhaps in a scientific, environmental, or sports context.
- **arrell**: This might be a typo or fragment. Did you mean ""barrel,"" ""parallel,"" or something else?
- **Butterfly 438**: This could refer to a model number, a swimming event (like the 100m butterfly), or something else.
- **1905**: This is a year—are you referencing a historical event?
- **uration**: Possibly ""duration"" or ""saturation""?
- **appra**: Maybe ""apparatus,"" ""approach,"" or ""appraisal""?
- **fight**: This could refer to a literal fight, a sports match, or a metaphorical struggle.

**Could you please clarify or provide more context?**  
If you’re referencing a specific event, product, or concept, more details will help me give you a better answer!",Write a poem with made-up words,262
3,Ġventure Ġpier Ġ220 sections ĠEngineer ĠKorra ĠBah,277.1517333984375,"It looks like your message contains a list of terms or keywords, possibly related to a specific context. Here’s a breakdown of what you wrote:

- **venture pier 220 sections Engineer Korra Bah**

Let me try to interpret or provide information on each term:

1. **Venture Pier**: This could refer to a specific pier named ""Venture"" or a project called ""Venture Pier."" If you mean ""venture"" as in a business venture, and ""pier"" as a structure, it could be a business or engineering project related to a pier.

2. **220 sections**: This likely refers to a structure or document divided into 220 parts or sections. In engineering, this could mean a pier with 220 structural sections.

3. **Engineer**: This could refer to the profession or a specific engineer involved in the project.

4. **Korra**: This could be a name (possibly of a person, company, or even a reference to ""The Legend of Korra,"" a popular animated series).

5. **Bah**: This could be a name, an abbreviation, or possibly a location (e.g., Bahamas, Bahrain).

**Questions to clarify:**
- Are you asking for information about a specific engineering project called ""Venture Pier"" with 220 sections?
- Is ""Korra Bah"" a person, company, or location involved in this project?
- Do you want details about the engineering aspects, the people involved, or something",Write a poem with made-up words,322
4,picture ĠLucy Ġasses Ġpeaks Ġinformation ĠHave Ġemotions West Ġerupt,155.57569885253906,"It looks like your message contains a list of words or phrases, possibly with some formatting artifacts (like the ""Ġ"" character, which sometimes appears in tokenized text). To help you better, could you clarify what you want to do with these words? Are you looking for:

- An explanation of their meaning?
- A connection or story using these words?
- Help correcting or formatting the text?
- Something else?

Let me know how I can assist!",Write a poem with made-up words,119
5,Ġ<+ inally Ġtrendy iddy Ġanalog Hat ĠAPP ancers ansky Ġdeclare Ġconfessed ĠPeople,589.8777465820312,"It looks like your message contains a string of words and symbols that might be the result of a copy-paste error, or perhaps you’re referencing something specific. Here’s a breakdown of what you wrote:

```
Ġ<+ inally Ġtrendy iddy Ġanalog Hat ĠAPP ancers ansky Ġdeclare Ġconfessed ĠPeople
```

**Possible interpretations:**

1. **Copy-paste error:** The ""Ġ"" character and the odd spacing suggest this might be text extracted from a tokenized or encoded source (like from a language model tokenizer output).
2. **Keywords:** You might be listing keywords or concepts: ""finally,"" ""trendy,"" ""analog,"" ""hat,"" ""app,"" ""dancers,"" ""ansky,"" ""declare,"" ""confessed,"" ""people.""
3. **Reference:** ""ansky"" could refer to ""Chomsky"" (Noam Chomsky), or perhaps ""Bansky"" (the artist Banksy), but it's unclear.

**If you meant to ask something or need help with these terms, could you please clarify your request?** For example:
- Are you looking for a summary or connection between these words?
- Do you want to know about a specific app or trend?
- Is this related to a news article or a creative writing prompt?

Let me know how I can assist!",Write a poem with made-up words,313
6,iq Ã¢ Ġcontainers Ġacronym Ġ{: akespeare bes,917.214599609375,"It looks like your message got a bit garbled, possibly due to encoding issues or copy-paste errors. Here’s what I can decipher and how I can help:

- **""iq""**: Could refer to ""IQ"" (intelligence quotient) or something else.
- **""containers""**: Likely refers to software containers (like Docker), or physical containers.
- **""acronym""**: You might be asking for the acronym for ""containers"" or related terms.
- **""akespeare bes""**: This seems like a corrupted version of ""Shakespeare"" and possibly ""best"" or ""bes"" (unclear).

Could you clarify your question? Here are some possible interpretations and answers:

---

### 1. **Acronym for Containers**
- There isn’t a standard acronym for ""containers"" in tech, but related acronyms include:
  - **OCI**: Open Container Initiative
  - **LXC**: Linux Containers
  - **CRI**: Container Runtime Interface

### 2. **IQ and Containers**
- If you’re asking about the relationship between IQ and containers, please clarify the context (psychology, tech, etc.).

### 3. **Shakespeare**
- If you’re asking for a Shakespeare quote or acronym, please clarify.

---

**Please rephrase or clarify your question, and I’ll be happy to help!**",Write a poem with made-up words,310
7,Ġatop ĠDoctor Ġaverage Ġenum aum eat,896.80517578125,"It looks like your message contains a mix of words and possibly some typos or placeholders:  
""Ġatop ĠDoctor Ġaverage Ġenum aum eat""

Could you please clarify what you meant or provide more context?  
Are you asking about:

- The average salary of a doctor?
- The meaning of ""enum"" or ""aum""?
- Something related to ""eat""?

Let me know what you’re looking for, and I’ll be happy to help!",Write a poem with made-up words,116
8,Once Ġoh ĠWEEK ĠLouisiana Ġnorthern atives 309 Ġassertion 785 surv Ġparliament ix Ġunanimous ĠMcMahon,376.1238098144531,"It looks like your message contains a mix of words, fragments, and possibly some encoding artifacts (like ""Ġ""). It’s a bit unclear what you’re asking or referring to. Here’s what I can infer from the text:

- **Louisiana northern natives**: Possibly referring to indigenous peoples from northern Louisiana.
- **309 assertion 785 surv**: These could be references to document numbers, legal codes, or survey numbers.
- **parliament ix unanimous McMahon**: This might refer to a unanimous decision in a parliamentary context, possibly involving someone named McMahon.

If you’re asking about a historical event, legal case, or parliamentary action involving Louisiana, northern natives, and someone named McMahon, could you please clarify or provide more context? 

If you’re trying to decode or clean up text that got garbled, let me know what the original source or intent was, and I can help reconstruct or interpret it!",Write a poem with made-up words,229
9,car Ġrich depending Ġadjoining affer ĠShares ose Ġverses ĠMitch story,1689.93603515625,"It looks like your message contains some fragmented or possibly auto-corrected words, making it a bit unclear. Let me try to interpret and help:

- **car Ġrich depending Ġadjoining affer ĠShares ose Ġverses ĠMitch story**

Are you asking for a story involving a car, someone named Mitch, and possibly themes of sharing, adjoining (neighboring), and verses (maybe poetry or song)? Or are you referencing something specific, like a book or a movie?

If you could clarify or rephrase your request, I’d be happy to help! For example, do you want:

- A short story about Mitch and a car?
- An explanation of terms like ""adjoining,"" ""shares,"" or ""verses""?
- Information about a specific story involving these elements?

Please provide a bit more detail, and I’ll do my best to assist!",Write a poem with made-up words,204
10,terness Ġtitles rical ĠArc Ġtargets ```` grim,1093.7415771484375,"It looks like your message contains some fragmented words and possibly some formatting artifacts (like ""````""). Here’s a possible interpretation and response:

- **""terness""** might be a fragment of ""bitterness"" or ""sternness.""
- **""titles rical""** could be ""titles"" and ""lyrical"" or ""historical.""
- **""Arc""** might refer to a narrative arc or the character Joan of Arc.
- **""targets""** is clear.
- **""grim""** suggests a dark or serious tone.

If you’re looking for **grim titles with lyrical or historical arcs and clear targets**, here are a few suggestions:

### Book Titles
- **""The Bitter Arc""**  
  (A story with a grim, historical narrative arc.)

- **""Grim Targets""**  
  (A thriller or dystopian novel.)

- **""Lyrical Bitterness""**  
  (A poetry collection with a somber tone.)

- **""Arc of Sternness""**  
  (A historical fiction about a strict or harsh leader.)

### If you meant something else, could you clarify your request?  
Are you looking for book titles, themes, or something related to ""Arc"" (like Joan of Arc or a story arc)? Let me know, and I can help further!",Write a poem with made-up words,291
11,Brexit ĠRarity Ġair Ġqueens knit ĠZucker ĠBELOW,342.239013671875,"It looks like your message contains a list of words or phrases, some of which are separated by ""Ġ"" (which sometimes appears as a tokenization artifact in NLP models). The terms are:

- Brexit
- Rarity
- air
- queens knit
- Zucker
- BELOW

Could you clarify what you would like to know or do with these terms? Are you looking for connections between them, definitions, or something else? Please provide more context so I can assist you better!",Write a poem with made-up words,124
12,odies ĠWyoming Ġnewer ĠTerminator Ġindustrial Ġscrimmage llers akin Nich ĠEarth Ġviral ĠMarshal,276.2437438964844,"It looks like your message contains a list of keywords or fragments: 

- odies
- Wyoming
- newer
- Terminator
- industrial
- scrimmage
- llers akin Nich
- Earth
- viral
- Marshal

Could you clarify what you’d like to know or do with these terms? Are you looking for a story, connections between them, or information about one or more of these topics? Let me know how I can help!",Write a poem with made-up words,128
13,ĠSham Minnesota Ġfavorable Ġdf sg Ġcontroversies ĠVelvet ĠOMG pend irc,492.8291015625,"It looks like your message contains a mix of keywords and abbreviations, possibly related to a legal case or news topic. Here’s a breakdown and some context for each term:

- **Sham Minnesota**: This could refer to a legal case or controversy in Minnesota involving allegations of a ""sham"" (fraudulent or deceptive) activity. If you have a specific case or context, please clarify.
- **favorable df sg**:  
  - **favorable**: Usually refers to a positive outcome for a party in a legal case.
  - **df**: Often shorthand for ""defendant.""
  - **sg**: Could mean ""summary judgment"" (a legal term), ""solicitor general,"" or something else depending on context.
- **controversies**: Refers to disputes or public disagreements, possibly legal or political.
- **Velvet**: Could refer to ""Project Velvet,"" ""Operation Velvet,"" or a person/entity named Velvet. More context needed.
- **OMG pend irc**:  
  - **OMG**: Could be ""Outlaw Motorcycle Gang"" in law enforcement contexts, or just ""Oh My God"" in casual speech.
  - **pend**: Likely ""pending"" (awaiting decision or resolution).
  - **irc**: Could be ""Internal Revenue Code,"" ""Internet Relay Chat,"" or ""in re case"" (legal shorthand).

**If you are asking about a specific legal controversy in Minnesota",Write a poem with made-up words,330
14,Ġoptics Ġassistance zl ĠCat 436 Ġresearch Ġsucked ĠASIC Ġworker ĠCarey Ġslic Ġslot Ġundermines flation,271.7600402832031,"It looks like your message contains a mix of keywords and possibly some shorthand or code. Let me try to break down and address each term as best as possible:

1. **Optics Assistance**: This could refer to help with optical systems (lenses, light, etc.), or it could be about the ""optics"" (appearance) of a situation. Please clarify if you mean physical optics or metaphorical optics.

2. **zl**: This could be a typo, abbreviation, or code. Please clarify.

3. **Cat 436**: This might refer to a Caterpillar 436 machine (possibly a backhoe loader or similar heavy equipment), or it could be a code for something else. Please specify the context.

4. **Research Sucked**: It sounds like you are dissatisfied with some research, possibly related to the above topics. If you can specify what research and why it was unsatisfactory, I can help analyze or suggest improvements.

5. **ASIC Worker**: ASIC stands for Application-Specific Integrated Circuit. In the context of ""worker,"" this often refers to cryptocurrency mining hardware, but could also mean someone working with ASICs in engineering.

6. **Carey**: This could be a person's name, a company, or something else. Please clarify.

7. **slic**: This could be a typo for ""slice,"" or an acronym. Please clarify.

8. **slot**: In electronics, a slot could refer to a",Write a poem with made-up words,342
15,rique Ġrigid Considering Ġstatute redd iries Store arger,8336.4580078125,"It looks like your message got a bit garbled or auto-corrected strangely. Could you please clarify or rephrase your question? Are you asking about:

- The concept of ""statute of limitations"" regarding store credit or returns?
- Something about ""statute"" and ""store"" in a legal context?
- Or perhaps something else entirely?

If you can provide a bit more detail or context, I’d be happy to help!",Write a poem with made-up words,110
16,ĠEnrique ayne Middle Ġoutbreaks ĠCit 125 ĠDiff Ġprimarily Ġappra Ġbounce ĠCorvette Ġfielded Ġmattress âĢĶâĢĶ Ġdefeating,204.7234649658203,"It looks like your message contains a mix of fragmented words and symbols, possibly due to a copy-paste or encoding issue. Here’s an attempt to interpret and clarify your message:

- **Enrique**: Possibly a person’s name.
- **ayne Middle**: Could be ""Wayne Middle"" or ""Wayne"" as a name, or ""Middle"" as in ""Middle School"" or ""Middle"" of something.
- **Outbreaks**: Refers to sudden occurrences, possibly of disease or conflict.
- **Cit 125**: Could be a course code (like ""CIT 125"") or a reference to something numbered 125.
- **Diff**: Short for ""difference"" or ""difficult"".
- **primarily**: Mainly, chiefly.
- **appra**: Possibly ""approach"", ""appraisal"", or ""apparatus"".
- **bounce**: To rebound or move back.
- **Corvette**: Could refer to the car (Chevrolet Corvette) or a type of naval ship.
- **fielded**: To deploy or put into action (often used in sports or military context).
- **mattress**: A bedding item.
- **defeating**: Overcoming or winning against.

If you are trying to ask a question or need information about a specific topic (such as ""Enrique"" and ""Corvette"" in the context of ""outbreaks"" or ""fielded""),",Write a poem with made-up words,356
17,ĠFixes Ġentrants ifled Ġlich ĠHazard Cover Ġrear Ġapparently ĠÏĦ Ġaddition ĠLyn,237.4227752685547,"It looks like your message contains a mix of words and possibly some corrupted or placeholder text (e.g., ""ÏĦ"", ""ifled"", ""Lyn""). Could you please clarify or provide more context? Here’s an attempt to interpret and rewrite your message based on what might be intended:

**Possible interpretation:**
- ""Fixes entrants ifled lich Hazard Cover rear apparently ÏĦ addition Lyn""

**Possible cleaned-up version:**
- ""Fixes for entrants who fled the Lich Hazard Cover at the rear, apparently in addition to Lyn.""

**Questions for clarification:**
- Are you referring to a game or a specific scenario (e.g., a raid or dungeon)?
- Is ""Lyn"" a character or a location?
- What does ""ÏĦ"" refer to?
- Are you asking for a fix, reporting a bug, or requesting information?

**If you provide more details, I can help you better!**",Write a poem with made-up words,228
18,Ġpriceless Ġdorm primary Ġimpacts Ġrather Ġconcent Ġhegemony,254.31671142578125,"Certainly! Here are the meanings of the words you listed:

1. **Priceless**  
   - *Meaning*: So valuable that its worth cannot be determined or measured; invaluable.
   - *Example*: The look on her face was priceless.

2. **Dorm**  
   - *Meaning*: Short for ""dormitory,"" a building where students live, especially at a college or university.
   - *Example*: He lives in a dorm on campus.

3. **Primary**  
   - *Meaning*: First in importance; main; principal.
   - *Example*: The primary reason for his success is hard work.

4. **Impacts**  
   - *Meaning*: (noun) The effect or influence of one thing on another; (verb) to have a strong effect on something or someone.
   - *Example*: The new law impacts everyone in the city.

5. **Rather**  
   - *Meaning*: To a certain or significant extent; quite; used to express preference.
   - *Example*: I would rather stay home tonight.

6. **Concent**  
   - *Note*: ""Concent"" is not a standard English word. Did you mean ""consent"" (permission) or ""concentrate"" (focus)? Please clarify.

7. **Hegemony**  
   - *Meaning*: Leadership or dominance, especially by one country or social group over others.
   - *Example*: The company’s hegemony",Write a poem with made-up words,328
19,ãĥ» Rep Ġblock Ġda old Ġfitness Ġ6000 305 Ġnote,830.596923828125,"It looks like your message contains some garbled or encoded text. If you’re referring to a **Rep Block Da Old Fitness 6000 305 Note**, here’s what I can infer and help with:

- **Rep Block**: This could refer to a ""replacement block"" or a ""repetition block"" (possibly a part or module).
- **Da Old Fitness 6000 305**: This seems like a model name or number, possibly for a fitness machine (like a treadmill or elliptical).
- **Note**: You might be asking for a note or information about this item.

**If you’re looking for information or a replacement part for a ""Fitness 6000 305"" machine:**
- Please clarify the brand (e.g., NordicTrack, ProForm, etc.).
- Specify what part you need (e.g., motor block, console, etc.).
- If you need a manual or troubleshooting help, let me know the exact issue.

**If you meant something else, please clarify your request or rephrase your question.**

Let me know how I can assist you further!",Write a poem with made-up words,251
20,Ġflexibility urated Tweet cube Ġseek responsible edly ĠRobin 199 Voice ĠBA ĠBMW Va ĠThur Ġdesires,1779.5836181640625,"It looks like your message contains a mix of fragmented phrases and possibly some autocorrect or formatting errors. Could you please clarify what you’re asking or what you’d like help with? If you’re looking for information about flexibility, tweets, Robin, BMW, or any of the other terms you mentioned, please provide more context or specify your question. I’m here to help!",Write a poem with made-up words,111
21,ĠCody Ġintending although Ġrainfall 887 Witness ĠSimilar scill,2878.640869140625,"It looks like your message is a bit unclear or possibly contains some typos or auto-correct errors. Here’s what I can interpret:

- ""Cody intending although rainfall 887 witness similar scill""

Could you clarify what you mean? Are you asking about:
- Someone named Cody intending to do something despite rainfall?
- The significance of ""887"" (is it a measurement, a year, or something else)?
- The word ""scill""—did you mean ""skill,"" ""still,"" or something else?
- Are you referring to witnessing something similar?

If you can provide a bit more context or rephrase your question, I’d be happy to help!",Write a poem with made-up words,161
22,aed ĠDI Ġsummar egu Ġall ĠMarket Ġregulation Ġinfantry Ale ĠNigerian Ġindist orter,310.2176513671875,"It looks like your message is a bit garbled, but I’ll do my best to interpret and answer!

If you are asking for a **summary of all market regulation in the Nigerian insurance industry**, here’s a concise overview:

---

### Summary of Market Regulation in the Nigerian Insurance Industry

**Regulatory Body:**  
- The main regulator is the **National Insurance Commission (NAICOM)**.

**Key Regulations and Functions:**
- **Licensing:** All insurance companies, brokers, and agents must be licensed by NAICOM.
- **Capital Requirements:** Insurers must meet minimum capital requirements to ensure financial stability.
- **Product Approval:** Insurance products must be approved by NAICOM before being sold.
- **Consumer Protection:** Regulations ensure fair treatment of policyholders, including claims settlement guidelines.
- **Market Conduct:** Rules exist to prevent unfair practices, fraud, and to promote transparency.
- **Solvency and Reporting:** Insurers must maintain solvency margins and submit regular financial reports.
- **Anti-Money Laundering (AML):** Insurers must comply with AML and Know Your Customer (KYC) regulations.
- **Reinsurance:** Guidelines exist for reinsurance arrangements to manage risk exposure.

**Recent Developments:**
- Ongoing recapitalization efforts to strengthen the industry.
- Digital insurance regulations to accommodate InsurTech innovations.

---

If you meant something else, please clarify your question!",Write a poem with made-up words,318
23,Ġnoted Ġinfamous Ġagreement ĠEt Ġnumerous ideos Ġvisible processor,256.1995544433594,"It looks like your message contains a list of words or phrases, possibly with some formatting artifacts (like ""Ġ""). Here’s a breakdown of the terms you provided:

- **noted**: well-known or recognized.
- **infamous**: famous for something bad or negative.
- **agreement**: a mutual arrangement, contract, or understanding.
- **Et**: could be a typo, abbreviation, or the Latin word for ""and"".
- **numerous ideos**: possibly ""numerous videos"" (if ""ideos"" is a typo).
- **visible processor**: could refer to a processor (CPU) that is visible, or perhaps a system/process that is transparent or observable.

If you meant to ask something specific or need these terms explained in a certain context, please clarify your request!",Write a poem with made-up words,192
24,opot Ġnorth ĠView Ġunbiased oulos Ġoptimize ĠAli,500.88104248046875,"It looks like your message contains a mix of words and possibly some text encoding artifacts (like ""opot Ġnorth ĠView Ġunbiased oulos Ġoptimize ĠAli""). Could you please clarify or rephrase your request? Are you asking for information about:

- ""North View"" (a location, company, or concept)?
- ""Unbiased"" (perhaps in the context of reviews, news, or analysis)?
- ""Oulos"" (did you mean ""outlook"" or something else)?
- ""Optimize Ali"" (is ""Ali"" a person, a system, or a product you want to optimize)?

Please provide more context or correct any typos, and I'll be happy to help!",Write a poem with made-up words,164
25,uses EXT processing ĠSweet ĠSince Sky hole Ġduring inez Ġcounterfeit Ġlively ĠFeatures,904.2738037109375,"It looks like your message contains a list of phrases, possibly with some formatting artifacts (like ""Ġ""). Could you clarify what you’d like to know or do with these terms? Here’s a possible interpretation and some information that might help:

### 1. **EXT processing**
- **EXT** often stands for ""external"" or ""extension."" In computing, ""EXT processing"" could refer to handling external files, extensions, or processes.
- In NLP (Natural Language Processing), ""EXT"" can refer to ""extraction"" or ""external"" data processing.

### 2. **Sweet Since Sky hole during inez counterfeit lively Features**
- These seem like keywords or code names. If you’re referring to features in a software, dataset, or a specific context, please provide more details.
- If these are feature names in a machine learning model, you might be asking how EXT processing is used with these features.

### 3. **""Ġ"" Character**
- The ""Ġ"" character is often seen in tokenized text from models like GPT-2/3, where it represents a space before a word (used in byte pair encoding).

---

## Possible Interpretations

### A. **If you’re asking about how EXT processing uses these features:**
- EXT processing might refer to a step in a data pipeline where features like ""Sweet,"" ""Since,"" ""Sky hole,"" etc., are extracted, transformed, or processed externally before being used in a model",Write a poem with made-up words,328
26,elsh Ġvocabulary ixel Ġconsistency ĠLethal Ġ( Ġdealership ruction ĠWilderness stitial ax,396.3257141113281,"It looks like you've pasted a string of words and fragments, some of which have the prefix ""Ġ"" (which is often used in tokenized text from language models like GPT-2/3 to indicate a space before a word). Here’s a breakdown and explanation of the terms you provided:

---

### 1. **elsh**
- This appears to be a fragment or possibly a typo. If you meant ""Welsh,"" it refers to something from Wales or the Welsh language.

### 2. **Ġvocabulary**
- ""Vocabulary"" means the set of words known and used by a person or group.

### 3. **ixel**
- This looks like a fragment, possibly from ""pixel"" (the smallest unit of a digital image) or ""vixel"" (less common, sometimes used in 3D graphics).

### 4. **Ġconsistency**
- ""Consistency"" refers to the quality of always behaving or performing in a similar way, or of always happening in a similar way.

### 5. **ĠLethal**
- ""Lethal"" means causing or capable of causing death.

### 6. **Ġ(**
- This is just an open parenthesis, possibly a formatting artifact.

### 7. **Ġdealership**
- ""Dealership"" is a business that sells products, especially cars.

### 8. **ruction**
- ""Ruction"" is an informal word meaning",Write a poem with made-up words,334
27,Ġbilling ĠSupreme Key urt Ġ79 Ġoptimized Ġextermin ĠRAW Ġeuth Ġemission Ġclenched Ġremed Ġforeground,200.68496704101562,"It looks like you've provided a list of words and phrases, some of which appear to be fragments or possibly OCR (optical character recognition) errors. Here’s a breakdown and possible interpretations for each:

1. **billing** – Likely refers to invoicing or charges, possibly in a legal or business context.
2. **Supreme Key urt** – This seems to be a misreading of ""Supreme Court.""
3. **79** – Could be a year, a case number, or another identifier.
4. **optimized** – Means improved for efficiency or effectiveness.
5. **extermin** – Possibly a fragment of ""exterminate,"" ""extermination,"" or ""exterminator.""
6. **RAW** – Could refer to raw data, or in legal contexts, sometimes ""RAW"" is used as an acronym, but more context is needed.
7. **euth** – Likely a fragment of ""euthanasia.""
8. **emission** – Refers to the act of emitting, often used in environmental or scientific contexts (e.g., carbon emissions).
9. **clenched** – Means tightly closed or squeezed.
10. **remed** – Possibly a fragment of ""remedy"" or ""remedial.""
11. **foreground** – The part of a view that is nearest to the observer, or in a metaphorical sense, something that is prominent or important.

**If you have a specific question or need these terms",Write a poem with made-up words,340
28,Ġdisg ĠClown River akery forced ĠAllies,1829.145751953125,"It looks like your message is a bit garbled or incomplete:  
> Ġdisg ĠClown River akery forced ĠAllies

Let me try to interpret and help:

- The ""Ġ"" character often appears in text that has been tokenized or processed by certain language models.
- ""Clown River"" might be a mishearing or typo for ""Clown River"" (which doesn't seem to be a historical term), or perhaps ""Clown"" is a misreading of ""Clo"" or ""Clown"" for ""Clown River"" (no known river).
- ""akery forced Allies"" could be ""bakery forced Allies"" or ""bakery forced the Allies"".

Are you perhaps referring to a historical event where a river or a bakery forced the Allies to take some action? Or is this about a disguise (""disg"")?

If you can clarify or provide more context, I can give a more accurate answer!

**Possible guesses:**
- Are you asking about a river crossing in WWII where the Allies were forced to act (e.g., the Rhine, the Elbe, etc.)?
- Are you referring to a famous event involving a bakery and the Allies?
- Or is this about a disguise or deception operation (like Operation Fortitude, where the Allies used deception before D-Day)?

**Please clarify your question or provide more details!**",Write a poem with made-up words,302
29,Ġ138 ĠBal Ġdir OST ĠShe Ġalternatively Instruct Ġfruitful,892.7765502929688,"It looks like your message contains a mix of tokens or words, possibly from a tokenized text or a prompt for some kind of text manipulation. Here’s a breakdown of what you wrote:

- **Ġ138**: This could be a token representing the number 138, possibly from a tokenized dataset (the ""Ġ"" is often used in tokenization to indicate a space before the word).
- **ĠBal**: Likely the word ""Bal"" with a preceding space.
- **Ġdir**: Could be ""dir"" (maybe Turkish for ""is"") with a preceding space.
- **OST**: Could refer to ""Original Soundtrack"" or something else.
- **ĠShe**: The word ""She"" with a preceding space.
- **alternatively Instruct**: This seems like a phrase, possibly suggesting an alternative instruction.
- **fruitful**: An adjective meaning productive or yielding good results.

**If you are asking for a reconstruction or explanation:**

1. **If you want these tokens detokenized into a sentence:**
   - ""138 Bal dir OST She alternatively Instruct fruitful""
   - Or, with spaces as indicated by the ""Ġ"":  
     ""138 Bal dir OST She alternatively Instruct fruitful""

2. **If you want a meaningful sentence using these words:**
   - ""Alternatively, instruct She to make the OST for 138 Bal dir, which could be fruitful.""
   -",Write a poem with made-up words,325
